Ticker,Symbols,CSVSymbol,1 Year Returns,2 Year Returns,5 Year Returns,10 Year Returns
RELIANCE,RELIANCE.NS,NSE:RELIANCE,-0.06889070431,0.1882381091,0.2749862461,5.730396902
HDFCBANK,HDFCBANK.NS,NSE:HDFCBANK,0.08927150813,0.2520574788,0.8603454969,2.663799694
AIRTELPP.E1,AIRTELPP.E1.NS,NSE:AIRTELPP.E1,0,0,0,0
BHARTIARTL,BHARTIARTL.NS,NSE:BHARTIARTL,0.1080007998,1.13038225,3.712442598,5.570344524
TCS,TCS.NS,NSE:TCS,-0.2819491625,-0.1431726374,0.3141815843,1.363419054
ICICIBANK,ICICIBANK.NS,NSE:ICICIBANK,0.05613132612,0.4598211952,3.158772714,4.728059738
SBIN,SBIN.NS,NSE:SBIN,0.08449211199,0.4638498443,3.93110292,2.631655878
BAJFINANCE,BAJFINANCE.NS,NSE:BAJFINANCE,0.3507392924,0.3119093595,2.387038199,20.27099316
INFY,INFY.NS,NSE:INFY,-0.2087321047,0.01794254316,0.5384457658,1.714642353
HINDUNILVR,HINDUNILVR.NS,NSE:HINDUNILVR,-0.166300705,0.01981137791,0.2251443544,2.193448429
LICI,LICI.NS,NSE:LICI,-0.1291087767,0.3910152324,0,0
ITC,ITC.NS,NSE:ITC,-0.2184930844,-0.08721192951,1.425697989,0.8982286332
LT,LT.NS,NSE:LT,-0.03371439132,0.2609819121,3.30233925,2.839013185
MARUTI,MARUTI.NS,NSE:MARUTI,0.2680653783,0.5189550632,1.553789479,2.545439515
M&M,M&M.NS,NSE:M&M,0.183684176,1.271225896,5.277169188,4.910281598
KOTAKBANK,KOTAKBANK.NS,NSE:KOTAKBANK,0.06062955497,0.1499663753,0.646737822,2.200748713
SUNPHARMA,SUNPHARMA.NS,NSE:SUNPHARMA,-0.1234229881,0.4526044215,2.361053932,0.8963995354
HCLTECH,HCLTECH.NS,NSE:HCLTECH,-0.1833637608,0.1329296767,0.8158061652,2.01188848
ULTRACEMCO,ULTRACEMCO.NS,NSE:ULTRACEMCO,0.04246345735,0.5195827545,2.300862936,3.588269924
AXISBANK,AXISBANK.NS,NSE:AXISBANK,-0.06159769009,0.1482408362,1.90719344,1.309058615
BAJAJFINSV,BAJAJFINSV.NS,NSE:BAJAJFINSV,0.08544493346,0.3211614048,0.9204895221,5.020337416
ETERNAL,ETERNAL.NS,NSE:ETERNAL,0.1407407407,2.441340782,0,0
NTPC,NTPC.NS,NSE:NTPC,-0.1991362204,0.4314625496,3.150635209,2.403611469
ADANIPOWER,ADANIPOWER.NS,NSE:ADANIPOWER,0.2150297619,1.142201233,21.49311295,32.53182752
HAL,HAL.NS,NSE:HAL,0.07932716682,1.485084306,11.29939658,0
ADANIPORTS,ADANIPORTS.NS,NSE:ADANIPORTS,-0.01191498129,0.7426270211,3.585816733,3.68359375
TITAN,TITAN.NS,NSE:TITAN,-0.09968325437,0.04730583596,2.137618027,9.546764796
DMART,DMART.NS,NSE:DMART,-0.1273726038,0.2616194973,1.257894351,0
ADANIENT,ADANIENT.NS,NSE:ADANIENT,-0.124164326,0.07409048789,8.857644666,32.17983821
ONGC,ONGC.NS,NSE:ONGC,-0.1982061262,0.2770350404,2.55423856,0.5785300193
BEL,BEL.NS,NSE:BEL,0.412679008,1.960834553,12.4145937,10.28172943
JSWSTEEL,JSWSTEEL.NS,NSE:JSWSTEEL,0.1586396497,0.4590332094,3.401082963,12.15491329
POWERGRID,POWERGRID.NS,NSE:POWERGRID,-0.1541843764,0.4507290096,2.219346201,3.04528249
WIPRO,WIPRO.NS,NSE:WIPRO,-0.06748925033,0.2045399662,0.6370200197,1.24320921
TATAMOTORS,TATAMOTORS.NS,NSE:TATAMOTORS,-0.2774233381,0.1349604008,4.718241042,1.463859649
BAJAJ_AUTO,BAJAJ_AUTO.NS,NSE:BAJAJ_AUTO,0,0,0,0
COALINDIA,COALINDIA.NS,NSE:COALINDIA,-0.2129444666,0.3678180871,2.405358686,0.2757001781
ASIANPAINT,ASIANPAINT.NS,NSE:ASIANPAINT,-0.2524676196,-0.2627698789,0.2771392082,2.083894518
NESTLEIND,NESTLEIND.NS,NSE:NESTLEIND,-0.1428760146,0.03176846829,0.5307887907,2.755788526
INDIGO,INDIGO.NS,NSE:INDIGO,0.1632034237,1.410879435,3.789944041,0
HYUNDAI,HYUNDAI.NS,NSE:HYUNDAI,0,0,0,0
TATASTEEL,TATASTEEL.NS,NSE:TATASTEEL,0.1248132996,0.3595761381,4.036638558,7.686559679
IOC,IOC.NS,NSE:IOC,-0.1257290992,0.6138118543,2.091458333,1.232435685
JIOFIN,JIOFIN.NS,NSE:JIOFIN,-0.1163020466,0.3625680087,0,0
GRASIM,GRASIM.NS,NSE:GRASIM,0.05500768683,0.4561865674,3.172561581,4.017834213
HINDZINC,HINDZINC.NS,NSE:HINDZINC,-0.08315141893,0.4746249601,1.25091352,2.35633854
DLF,DLF.NS,NSE:DLF,-0.1641840268,0.4562344378,4.198632479,4.868776534
EICHERMOT,EICHERMOT.NS,NSE:EICHERMOT,0.4309721183,1.061771958,2.432131534,3.040190712
SBILIFE,SBILIFE.NS,NSE:SBILIFE,-0.05200114574,0.4065602905,1.262928891,0
ADANIGREEN,ADANIGREEN.NS,NSE:ADANIGREEN,-0.4431862938,0.1156046558,0.8332117676,0
VEDL,VEDL.NS,NSE:VEDL,0.008607371441,1.035181474,2.468690702,4.010964912
TRENT,TRENT.NS,NSE:TRENT,-0.35659052,1.273938944,6.846744521,37.09412861
HDFCLIFE,HDFCLIFE.NS,NSE:HDFCLIFE,0.06652920962,0.2083787572,0.3432009002,0
IRFC,IRFC.NS,NSE:IRFC,-0.2026197042,0.656640625,0,0
HINDALCO,HINDALCO.NS,NSE:HINDALCO,0.07971906451,0.588579951,3.686360779,9.568391212
TVSMOTOR,TVSMOTOR.NS,NSE:TVSMOTOR,5.153170252,10.55158193,39.22286043,74.41244885
DIVISLAB,DIVISLAB.NS,NSE:DIVISLAB,0.123891417,0.6195520987,0.9992054164,4.446714473
VBL,VBL.NS,NSE:VBL,-0.2990368445,0.2378509719,6.563510393,0
LTIM,LTIM.NS,NSE:LTIM,-0.1632285294,-0.01554741403,0,0
BAJAJHLDNG,BAJAJHLDNG.NS,NSE:BAJAJHLDNG,0.1945495632,0.818893582,4.455893865,7.455398761
TECHM,TECHM.NS,NSE:TECHM,-0.08353296208,0.133479549,0.9590343819,1.56871294
AMBUJACEM,AMBUJACEM.NS,NSE:AMBUJACEM,-0.05313077727,0.3927642469,1.970996217,1.900763359
BRITANNIA,BRITANNIA.NS,NSE:BRITANNIA,-0.04366306028,0.299766961,0.6441768736,3.067016768
BPCL,BPCL.NS,NSE:BPCL,-0.02218278616,0.8789428815,0.7526374384,1.24516129
CHOLAFIN,CHOLAFIN.NS,NSE:CHOLAFIN,-0.006212320592,0.3724114614,6.065709312,11.67723298
PFC,PFC.NS,NSE:PFC,-0.1602198697,0.7317380353,5.246214416,3.496402878
SOLARINDS,SOLARINDS.NS,NSE:SOLARINDS,0.2891812202,2.080725412,12.84450507,18.8952733
PNB,PNB.NS,NSE:PNB,0.01650076226,0.4133416459,3.040998217,-0.1594364108
BANKBARODA,BANKBARODA.NS,NSE:BANKBARODA,0.03476482618,0.1637534499,5.34880803,0.3783710161
TATAPOWER,TATAPOWER.NS,NSE:TATAPOWER,-0.1305974255,0.5379525107,6.831516353,5.032061069
GODREJCP,GODREJCP.NS,NSE:GODREJCP,-0.1773959843,0.2204534985,0.7240780911,2.056687947
ENRIN,ENRIN.NS,NSE:ENRIN,0,0,0,0
HDFCAMC,HDFCAMC.NS,NSE:HDFCAMC,0.3332804569,1.202650593,1.797337454,0
CIPLA,CIPLA.NS,NSE:CIPLA,-0.07728492597,0.2973247976,1.086031768,1.383548839
TORNTPHARM,TORNTPHARM.NS,NSE:TORNTPHARM,0.0545023354,0.9739057467,1.751503626,4.221170507
MUTHOOTFIN,MUTHOOTFIN.NS,NSE:MUTHOOTFIN,0.5111857376,1.426164519,2.003533569,18.65949245
CGPOWER,CGPOWER.NS,NSE:CGPOWER,-0.005103688869,0.7723558522,34.48387097,3.498977505
LODHA,LODHA.NS,NSE:LODHA,-0.1552795031,0.5837884071,0,0
MAZDOCK,MAZDOCK.NS,NSE:MAZDOCK,0.3649858504,1.73157846,0,0
GAIL,GAIL.NS,NSE:GAIL,-0.1898061998,0.4584150327,2.226278691,2.259266022
SHRIRAMFIN,SHRIRAMFIN.NS,NSE:SHRIRAMFIN,-0.119460717,0.6147104932,4.571517247,2.62717931
BOSCHLTD,BOSCHLTD.NS,NSE:BOSCHLTD,0.08387110929,1.068508889,2.189527503,0.9669373362
MOTHERSON,MOTHERSON.NS,NSE:MOTHERSON,-0.1893944874,0.7364016736,1.425324675,1.377466582
SIEMENS,SIEMENS.NS,NSE:SIEMENS,-0.1038314453,0.6829882266,4.132639275,3.870000603
POLYCAB,POLYCAB.NS,NSE:POLYCAB,0.1514514189,0.4616064226,8.330554193,0
MAXHEALTH,MAXHEALTH.NS,NSE:MAXHEALTH,0.0953329539,1.076238425,9.617931034,0
ABB,ABB.NS,NSE:ABB,-0.3319856669,0.2697933874,5.177265316,4.633530543
ADANIENSOL,ADANIENSOL.NS,NSE:ADANIENSOL,-0.09742190165,0.1151252408,0,0
SWIGGY,SWIGGY.NS,NSE:SWIGGY,0,0,0,0
TATACONSUM,TATACONSUM.NS,NSE:TATACONSUM,-0.0686310924,0.2529424828,1.309219278,7.87804878
APOLLOHOSP,APOLLOHOSP.NS,NSE:APOLLOHOSP,0.07440442903,0.5077348662,2.945780813,4.478133799
CUMMINSIND,CUMMINSIND.NS,NSE:CUMMINSIND,0.03132598686,1.296270698,8.029328502,2.641669711
INDHOTEL,INDHOTEL.NS,NSE:INDHOTEL,0.0532316732,0.8425110132,7.541524847,8.260147601
DIXON,DIXON.NS,NSE:DIXON,0.2705850991,2.70422636,9.742458571,0
DRREDDY,DRREDDY.NS,NSE:DRREDDY,-0.01922773482,0.2,0.298185941,0.5571726812
HEROMOTOCO,HEROMOTOCO.NS,NSE:HEROMOTOCO,-0.1333564869,0.8035432144,0.838399068,1.283464567
CANBK,CANBK.NS,NSE:CANBK,0.1148215919,0.6244500733,6.31392557,1.251062258
SHREECEM,SHREECEM.NS,NSE:SHREECEM,0.1437663003,0.1482628126,0.6186937594,1.620731051
MANKIND,MANKIND.NS,NSE:MANKIND,-0.03341194227,0.4700869416,0,0
UNIONBANK,UNIONBANK.NS,NSE:UNIONBANK,0.1003375991,0.3733463988,4.639839034,-0.2174762702
JINDALSTEL,JINDALSTEL.NS,NSE:JINDALSTEL,0.0412689088,0.5297756041,5.476857491,17.24185249
ZYDUSLIFE,ZYDUSLIFE.NS,NSE:ZYDUSLIFE,-0.01137171286,0.7290958813,1.772389051,1.521328274
RECLTD,RECLTD.NS,NSE:RECLTD,-0.2866359447,0.4309484193,4.414859382,2.968416735
IDBI,IDBI.NS,NSE:IDBI,0.01745962462,0.3169491525,1.838356164,0.1787610619
WAAREEENER,WAAREEENER.NS,NSE:WAAREEENER,0,0,0,0
HAVELLS,HAVELLS.NS,NSE:HAVELLS,-0.2461582789,0.1238545246,1.363444746,5.383895893
UNITDSPR,UNITDSPR.NS,NSE:UNITDSPR,-0.175249501,0,0,0
GMRAIRPORT,GMRAIRPORT.NS,NSE:GMRAIRPORT,-0.04606989191,0.5538461538,3.29787234,5.912547529
JSWENERGY,JSWENERGY.NS,NSE:JSWENERGY,-0.3119752541,0.2939570224,8.73125,5.285467128
INDIANB,INDIANB.NS,NSE:INDIANB,0.2936574462,0.6117428638,11.68493151,4.219842165
BAJAJHFL,BAJAJHFL.NS,NSE:BAJAJHFL,-0.3033471509,0,0,0
INDUSTOWER,INDUSTOWER.NS,NSE:INDUSTOWER,-0.1087441169,0.9333691564,0,0
ICICIGI,ICICIGI.NS,NSE:ICICIGI,-0.1671061885,0.440024317,0.514424998,0
MARICO,MARICO.NS,NSE:MARICO,0.003914590747,0.2184692467,1.058523059,2.546108206
DABUR,DABUR.NS,NSE:DABUR,-0.2203312911,-0.07017860364,0.05983960518,0.8772536879
NAUKRI,NAUKRI.NS,NSE:NAUKRI,-0.1441355732,0.6363700374,1.065318818,7.742319749
LUPIN,LUPIN.NS,NSE:LUPIN,-0.0797571314,0.8082931881,1.050020416,-0.0127571713
IDEA,IDEA.NS,NSE:IDEA,-0.1913123845,-0.2256637168,-0.03846153846,-0.8985507246
BSE,BSE.NS,NSE:BSE,0.6222401929,4.285213631,35.75077774,0
ICICIPRULI,ICICIPRULI.NS,NSE:ICICIPRULI,-0.2415144428,0.03842159917,0.4484007242,0
NHPC,NHPC.NS,NSE:NHPC,-0.08106960951,0.6574162679,3.33,4.296636086
HINDPETRO,HINDPETRO.NS,NSE:HINDPETRO,0.05093567976,1.442818459,2.691129102,2.683753258
NTPCGREEN,NTPCGREEN.NS,NSE:NTPCGREEN,0,0,0,0
SRF,SRF.NS,NSE:SRF,0.1928523125,0.3002591137,2.632993397,11.96956464
ATGL,ATGL.NS,NSE:ATGL,-0.1368887293,0.1366861107,0,0
POWERINDIA,POWERINDIA.NS,NSE:POWERINDIA,0.493376091,3.541597447,19.46972635,0
BHARTIHEXA,BHARTIHEXA.NS,NSE:BHARTIHEXA,0.1711643836,0,0,0
BHEL,BHEL.NS,NSE:BHEL,-0.1316557257,0.900998004,6.976549414,0.8301306687
SBICARD,SBICARD.NS,NSE:SBICARD,0.09427080058,0.1049022098,0.06604582772,0
POLICYBZR,POLICYBZR.NS,NSE:POLICYBZR,-0.06269527182,1.425058942,0,0
PERSISTENT,PERSISTENT.NS,NSE:PERSISTENT,-0.01454170185,0.7751159301,7.895663957,14.45160341
SUZLON,SUZLON.NS,NSE:SUZLON,-0.2908674146,1.305098039,20.37454545,2.168733154
ASHOKLEY,ASHOKLEY.NS,NSE:ASHOKLEY,0.218387888,0.578976214,3.274480712,2.181316254
OFSS,OFSS.NS,NSE:OFSS,-0.2030373811,1.204076695,2.076143846,1.366664069
GVT&D,GVT&D.NS,NSE:GVT&D,0.9316828177,6.671653241,35.83241252,4.910165485
PIDILITIND,PIDILITIND.NS,NSE:PIDILITIND,-0.09405952612,0.1967929445,1.133190425,4.389781549
IOB,IOB.NS,NSE:IOB,-0.3506961507,-0.08873563218,3.479096045,0.08602739726
PAYTM,PAYTM.NS,NSE:PAYTM,0.8126007214,0.3919500265,0,0
UNOMINDA,UNOMINDA.NS,NSE:UNOMINDA,0.1587719298,1.20038311,7.396898042,76.11617046
ABCAPITAL,ABCAPITAL.NS,NSE:ABCAPITAL,0.2493045153,0.6533559898,3.75794621,0
RVNL,RVNL.NS,NSE:RVNL,-0.332178635,1.10041225,17.87037037,0
FORTIS,FORTIS.NS,NSE:FORTIS,0.6189123716,1.91691752,6.098901099,4.635359116
PRESTIGE,PRESTIGE.NS,NSE:PRESTIGE,-0.1508137814,1.635938653,5.91926803,6.590930562
VMM,VMM.NS,NSE:VMM,0,0,0,0
NYKAA,NYKAA.NS,NSE:NYKAA,0.1806841245,0.6731673097,0,0
JSWINFRA,JSWINFRA.NS,NSE:JSWINFRA,-0.004656577416,0,0,0
LLOYDSME,LLOYDSME.NS,NSE:LLOYDSME,0.5132001837,1.485248374,0,0
NMDC,NMDC.NS,NSE:NMDC,0.09052924791,0.641509434,2.097310127,1.51364366
COROMANDEL,COROMANDEL.NS,NSE:COROMANDEL,0.345331699,1.018389773,1.829121086,13.11100659
OIL,OIL.NS,NSE:OIL,-0.3033244567,1.187162891,6.185894028,1.883453033
YESBANK,YESBANK.NS,NSE:YESBANK,-0.06672481465,0.2263610315,0.6525096525,-0.853404576
ALKEM,ALKEM.NS,NSE:ALKEM,-0.0688597481,0.5665293382,0.9977048181,0
PATANJALI,PATANJALI.NS,NSE:PATANJALI,0.03549276361,0.414017834,0,0
JSL,JSL.NS,NSE:JSL,0.03883997929,0.8108779057,18.73923739,19.81452659
TIINDIA,TIINDIA.NS,NSE:TIINDIA,-0.2283896574,0.03041356841,4.761854951,0
AUROPHARMA,AUROPHARMA.NS,NSE:AUROPHARMA,-0.2535872244,0.265266411,0.4862521008,0.4801821103
MRF,MRF.NS,NSE:MRF,0.1319286362,0.4204436349,1.792938006,2.766461904
HDBFS,HDBFS.NS,NSE:HDBFS,0,0,0,0
SCHAEFFLER,SCHAEFFLER.NS,NSE:SCHAEFFLER,0.049856,0.3310613437,4.778172288,3.938405404
ABBOTINDIA,ABBOTINDIA.NS,NSE:ABBOTINDIA,0.06767280858,0.3355025132,0.8926477673,4.319289237
FACT,FACT.NS,NSE:FACT,-0.0113913751,0.8073633321,22.25358852,50.02362205
TORNTPOWER,TORNTPOWER.NS,NSE:TORNTPOWER,-0.3134264232,0.780377411,3.164169381,6.123989969
GICRE,GICRE.NS,NSE:GICRE,-0.08543786908,0.6082633672,2.002887789,0
COLPAL,COLPAL.NS,NSE:COLPAL,-0.3692531272,0.159637426,0.6900178318,1.450659631
GODREJPROP,GODREJPROP.NS,NSE:GODREJPROP,-0.3402352499,0.3197982267,1.478611356,5.735529261
LTF,LTF.NS,NSE:LTF,0.3364404943,0,0,0
BERGEPAINT,BERGEPAINT.NS,NSE:BERGEPAINT,-0.1319020899,-0.1270035983,0.1138123161,3.091605979
OBEROIRLTY,OBEROIRLTY.NS,NSE:OBEROIRLTY,-0.1229963414,0.4686825054,3.119683482,5.368501529
BHARATFORG,BHARATFORG.NS,NSE:BHARATFORG,-0.2084439388,0.1321129944,1.904115942,1.760840332
BDL,BDL.NS,NSE:BDL,0.370629972,2.215503501,9.898584422,0
PHOENIXLTD,PHOENIXLTD.NS,NSE:PHOENIXLTD,-0.1012026825,0.8157084476,4.914727551,8.770454272
IRCTC,IRCTC.NS,NSE:IRCTC,-0.2052296199,0.04962275102,1.701572245,0
UPL,UPL.NS,NSE:UPL,0.1915271525,0.144877579,0.3982788509,1.331956634
COFORGE,COFORGE.NS,NSE:COFORGE,0.2117845265,0.5784445411,2.94594339,0
INDUSINDBK,INDUSINDBK.NS,NSE:INDUSINDBK,-0.4846768139,-0.4766938139,0.5400305966,-0.1801498534
MOTILALOFS,MOTILALOFS.NS,NSE:MOTILALOFS,0.2139316131,3.47915201,5.147409076,11.72824204
GLENMARK,GLENMARK.NS,NSE:GLENMARK,0.1795380887,1.571319458,3.445691647,1.022833108
SAIL,SAIL.NS,NSE:SAIL,0.05868291178,0.474650913,3.179299848,1.658083253
PIIND,PIIND.NS,NSE:PIIND,-0.225507234,0.07040551692,0.9195624026,4.691608556
SUPREMEIND,SUPREMEIND.NS,NSE:SUPREMEIND,-0.2055126569,0.03242972367,2.124165072,6.07464639
BANKINDIA,BANKINDIA.NS,NSE:BANKINDIA,0.08016727467,0.1393711872,2.092993631,-0.1057090239
LINDEINDIA,LINDEINDIA.NS,NSE:LINDEINDIA,-0.2451113612,0.1021235291,7.939226519,20.51595745
MPHASIS,MPHASIS.NS,NSE:MPHASIS,-0.08861425191,0.1120558274,1.191676876,5.809430255
GODFRYPHLP,GODFRYPHLP.NS,NSE:GODFRYPHLP,0.3669117587,3.712800529,9.950575314,14.12551923
MFSL,MFSL.NS,NSE:MFSL,0.324386471,0.7283937145,1.73180407,3.214854041
NAM_INDIA,NAM_INDIA.NS,NSE:NAM_INDIA,0,0,0,0
JKCEMENT,JKCEMENT.NS,NSE:JKCEMENT,0.4224187495,1.163859867,3.596648875,9.76077501
AUBANK,AUBANK.NS,NSE:AUBANK,-0.005572545022,-0.01441368627,1.306588903,0
KALYANKJIL,KALYANKJIL.NS,NSE:KALYANKJIL,-0.3547128082,1.428991185,0,0
IDFCFIRSTB,IDFCFIRSTB.NS,NSE:IDFCFIRSTB,-0.04620372872,-0.2513255567,1.614814815,0
SUNDARMFIN,SUNDARMFIN.NS,NSE:SUNDARMFIN,-0.07165570066,0.4747510047,2.592740219,2.089414662
AIIL,AIIL.NS,NSE:AIIL,0.7619606692,0,0,0
COCHINSHIP,COCHINSHIP.NS,NSE:COCHINSHIP,0.06101123596,2.841506824,11.06387736,0
KRT.RR,KRT.RR.NS,NSE:KRT.RR,0,0,0,0
ITCHOTELS,ITCHOTELS.NS,NSE:ITCHOTELS,0,0,0,0
BALKRISIND,BALKRISIND.NS,NSE:BALKRISIND,-0.2046525747,-0.02862606592,0.9061841853,6.428741979
LAURUSLABS,LAURUSLABS.NS,NSE:LAURUSLABS,0.9170002107,1.340534979,2.522217061,0
PAGEIND,PAGEIND.NS,NSE:PAGEIND,-0.00540824522,0.08496780091,1.267133323,2.241815902
BIOCON,BIOCON.NS,NSE:BIOCON,-0.02727149993,0.3640666414,-0.1175750153,3.882759555
HUDCO,HUDCO.NS,NSE:HUDCO,-0.03388786198,1.81508079,6.68627451,0
KAYNES,KAYNES.NS,NSE:KAYNES,0.2948210737,2.412516808,0,0
FEDERALBNK,FEDERALBNK.NS,NSE:FEDERALBNK,0.04449773515,0.3324269205,3.284153005,2.055339049
TATACOMM,TATACOMM.NS,NSE:TATACOMM,-0.1683725563,-0.1006921068,1.133801917,5.718844312
UBL,UBL.NS,NSE:UBL,-0.1627527343,0.1370027869,0.9501357958,1.136260859
GLAXO,GLAXO.NS,NSE:GLAXO,0.01283932502,0.793264703,0.7861301591,0.6645565805
ANTHEM,ANTHEM.NS,NSE:ANTHEM,0,0,0,0
APLAPOLLO,APLAPOLLO.NS,NSE:APLAPOLLO,0.179647228,0.09029623388,5.576220823,32.66693355
PREMIERENE,PREMIERENE.NS,NSE:PREMIERENE,-0.07241727014,0,0,0
VOLTAS,VOLTAS.NS,NSE:VOLTAS,-0.2706313581,0.5677990294,1.11214522,4.473390472
IREDA,IREDA.NS,NSE:IREDA,-0.3242268937,0,0,0
DALBHARAT,DALBHARAT.NS,NSE:DALBHARAT,0.2362507236,0.004898290946,2.199836535,0
LTTS,LTTS.NS,NSE:LTTS,-0.2325274325,-0.1083274262,1.635479533,0
HEXT,HEXT.NS,NSE:HEXT,0,0,0,0
MAHABANK,MAHABANK.NS,NSE:MAHABANK,-0.09569074778,0.236836403,4.285185185,0.6763582966
PGHH,PGHH.NS,NSE:PGHH,-0.1871075131,-0.2353155533,0.3628015059,1.23878109
FLUOROCHEM,FLUOROCHEM.NS,NSE:FLUOROCHEM,-0.1208616238,0.2851418976,6.812026276,0
360ONE,360ONE.NS,NSE:360ONE,-0.05223463687,0.9559953882,0,0
CONCOR,CONCOR.NS,NSE:CONCOR,-0.2344639135,-0.069476784,0.8307060092,0.6061823985
PETRONET,PETRONET.NS,NSE:PETRONET,-0.1693560549,0.1503759398,0.3070716659,2.086405917
JUBLFOOD,JUBLFOOD.NS,NSE:JUBLFOOD,-0.1271192452,0.1367205543,0.3602095861,2.786619892
BLUESTARCO,BLUESTARCO.NS,NSE:BLUESTARCO,-0.02426907122,1.154217396,5.212241025,10.80643222
MCX,MCX.NS,NSE:MCX,0.3701475007,3.231193818,3.93319441,7.456164312
RADICO,RADICO.NS,NSE:RADICO,0.3792461177,1.55708551,6.44595274,34.40944411
M&MFIN,M&MFIN.NS,NSE:M&MFIN,-0.1245395165,-0.03147368061,1.561826252,1.07498716
ESCORTS,ESCORTS.NS,NSE:ESCORTS,-0.1119298991,0.1622695167,2.247257967,23.5751634
ENDURANCE,ENDURANCE.NS,NSE:ENDURANCE,0.1701436037,0.7870923145,1.688409907,0
GODREJIND,GODREJIND.NS,NSE:GODREJIND,-0.04688825169,1.125743109,1.921153608,2.363260653
KEI,KEI.NS,NSE:KEI,-0.009226165739,0.7272859006,11.3213231,40.8875502
THERMAX,THERMAX.NS,NSE:THERMAX,-0.3583355623,0.1349689105,3.636708773,2.826374252
KPRMILL,KPRMILL.NS,NSE:KPRMILL,0.1887760556,0.5263519078,8.550021468,13.12549219
NATIONALUM,NATIONALUM.NS,NSE:NATIONALUM,0.1608965823,1.24386059,5.963061564,4.724760602
EMBASSY.RR,EMBASSY.RR.NS,NSE:EMBASSY.RR,0,0,0,0
ASTRAL,ASTRAL.NS,NSE:ASTRAL,-0.2729669438,-0.2323340471,1.343137255,6.53863947
UCOBANK,UCOBANK.NS,NSE:UCOBANK,-0.3883804218,-0.275,1.572384937,-0.342459893
POONAWALLA,POONAWALLA.NS,NSE:POONAWALLA,0.2027937141,0.2997304582,13.83692308,4.669606114
CHOLAHLDNG,CHOLAHLDNG.NS,NSE:CHOLAHLDNG,-0.04222425607,0.6482908348,4.023352361,0
SJVN,SJVN.NS,NSE:SJVN,-0.2788946674,0.3309455587,3.26146789,2.761133603
TATAINVEST,TATAINVEST.NS,NSE:TATAINVEST,0.1569415051,1.708094628,8.86193778,14.16083388
NLCINDIA,NLCINDIA.NS,NSE:NLCINDIA,0.01484332051,1.048076923,4.662576687,2.76478586
CRISIL,CRISIL.NS,NSE:CRISIL,0.04440329041,0.2473959003,1.828895564,1.698191933
MEDANTA,MEDANTA.NS,NSE:MEDANTA,0.2091029325,0.9025475422,0,0
NH,NH.NS,NSE:NH,0.4095973973,0.6318440751,4.604203719,0
IPCALAB,IPCALAB.NS,NSE:IPCALAB,-0.05152586592,0.5484196369,0.3346536567,2.597187866
ACC,ACC.NS,NSE:ACC,-0.2438563327,-0.06004699765,0.4421048594,0.40639611
AWL,AWL.NS,NSE:AWL,-0.2591433044,-0.234861846,0,0
APARINDS,APARINDS.NS,NSE:APARINDS,-0.1168417994,0.5924175844,29.1409431,19.76978417
DELHIVERY,DELHIVERY.NS,NSE:DELHIVERY,0.05756142577,0.08857753503,0,0
METROBRAND,METROBRAND.NS,NSE:METROBRAND,0.03666964794,0.1941556617,0,0
TATAELXSI,TATAELXSI.NS,NSE:TATAELXSI,-0.290182561,-0.234976437,3.68013468,4.909047432
KPITTECH,KPITTECH.NS,NSE:KPITTECH,-0.2611495068,0.1898782344,10.26846847,0
COHANCE,COHANCE.NS,NSE:COHANCE,0,0,0,0
EXIDEIND,EXIDEIND.NS,NSE:EXIDEIND,-0.1435848456,0.5585168019,1.607431341,1.587367746
CENTRALBK,CENTRALBK.NS,NSE:CENTRALBK,-0.3842156544,-0.2416,1.284337349,-0.5324290999
3MINDIA,3MINDIA.NS,NSE:3MINDIA,-0.16058497,-0.06004925355,0.6218908994,1.722910287
ASTERDM,ASTERDM.NS,NSE:ASTERDM,0.5143838049,0.9461433136,3.809022556,0
GLAND,GLAND.NS,NSE:GLAND,0.09143104756,0.214001687,0,0
INOXWIND,INOXWIND.NS,NSE:INOXWIND,-0.4020874155,2.157094595,15.55813953,0.7379983727
GILLETTE,GILLETTE.NS,NSE:GILLETTE,0.1341533262,0.6667083344,0.8422143416,1.084571047
GODIGIT,GODIGIT.NS,NSE:GODIGIT,-0.0625,0,0,0
NIACL,NIACL.NS,NSE:NIACL,-0.1715976331,0.3995001785,0.9338924519,0
HONAUT,HONAUT.NS,NSE:HONAUT,-0.2567424082,-0.09521089588,0.1430330966,3.005100373
CDSL,CDSL.NS,NSE:CDSL,0.01620058493,1.357191859,5.72992383,0
LICHSGFIN,LICHSGFIN.NS,NSE:LICHSGFIN,-0.1431509365,0.2602354975,1.233582232,0.3781453042
AJANTPHARM,AJANTPHARM.NS,NSE:AJANTPHARM,-0.1820406323,0.510988194,1.438029615,1.639288571
MSUMI,MSUMI.NS,NSE:MSUMI,0.03404438699,0.1273197087,0,0
ITI,ITI.NS,NSE:ITI,0.1427053824,0.6273323248,1.745214802,12.47390397
NBCC,NBCC.NS,NSE:NBCC,-0.04276622826,1.935467083,6.407091267,1.689153754
APOLLOTYRE,APOLLOTYRE.NS,NSE:APOLLOTYRE,-0.05797519469,0.2979202543,3.225097025,1.679245283
GRSE,GRSE.NS,NSE:GRSE,0.487465645,2.3640987,14.74955908,0
AFFLE,AFFLE.NS,NSE:AFFLE,0.3191718374,0.9566136076,2.707229409,0
IGL,IGL.NS,NSE:IGL,-0.2373116864,-0.08328572056,0.06077404262,3.493321844
KIMS,KIMS.NS,NSE:KIMS,0.3529033444,0.867375149,0,0
GUJGASLTD,GUJGASLTD.NS,NSE:GUJGASLTD,-0.2982740459,-0.009833066545,0.4635795166,3.183170708
SUMICHEM,SUMICHEM.NS,NSE:SUMICHEM,0.005823186871,0.3397579034,0.9685719219,0
HINDCOPPER,HINDCOPPER.NS,NSE:HINDCOPPER,-0.07196855156,0.9498094028,8.399693721,4.763380282
TATATECH,TATATECH.NS,NSE:TATATECH,-0.3683925183,0,0,0
AIAENG,AIAENG.NS,NSE:AIAENG,-0.2894240399,-0.09755087553,0.8032980673,2.17267197
LALPATHLAB,LALPATHLAB.NS,NSE:LALPATHLAB,0.01300202254,0.3959638718,0.8636935904,0
AMBER,AMBER.NS,NSE:AMBER,0.662178531,1.798867238,3.40062548,0
AEGISVOPAK,AEGISVOPAK.NS,NSE:AEGISVOPAK,0,0,0,0
TVSHLTD,TVSHLTD.NS,NSE:TVSHLTD,-0.06851404964,1.329927424,0,0
AEGISLOG,AEGISLOG.NS,NSE:AEGISLOG,0.01911659164,0,0,0
PPLPHARMA,PPLPHARMA.NS,NSE:PPLPHARMA,-0.09699842022,1.062474227,0,0
JBCHEPHARM,JBCHEPHARM.NS,NSE:JBCHEPHARM,-0.118852459,0.2002791347,2.736693461,12.03524062
URBANCO,URBANCO.NS,NSE:URBANCO,0,0,0,0
MINDSPACE.RR,MINDSPACE.RR.NS,NSE:MINDSPACE.RR,0,0,0,0
SYNGENE,SYNGENE.NS,NSE:SYNGENE,-0.28098434,-0.1652490098,0.1362913205,3.003238463
STARHEALTH,STARHEALTH.NS,NSE:STARHEALTH,-0.2638353694,-0.2276129032,0,0
BANDHANBNK,BANDHANBNK.NS,NSE:BANDHANBNK,-0.2383704539,-0.3592014232,-0.3638540031,0
IRB,IRB.NS,NSE:IRB,-0.3162311956,0.3451713396,3.225048924,0.984375
SONACOMS,SONACOMS.NS,NSE:SONACOMS,-0.4362836577,-0.2572883737,0,0
SHYAMMETL,SHYAMMETL.NS,NSE:SHYAMMETL,-0.04393039049,1.035698147,0,0
KIOCL,KIOCL.NS,NSE:KIOCL,0.137755102,0.3504920515,2.96797153,0
OLAELEC,OLAELEC.NS,NSE:OLAELEC,-0.4627831715,0,0,0
EMAMILTD,EMAMILTD.NS,NSE:EMAMILTD,-0.2431423895,0.1225361686,0.6312967405,0.03134813017
PEL,PEL.NS,NSE:PEL,0.0557212076,0.06484962406,-0.05089005236,0.3440094899
FSL,FSL.NS,NSE:FSL,0.1508024789,1.20456621,4.11440678,12.56179775
ZFCVINDIA,ZFCVINDIA.NS,NSE:ZFCVINDIA,-0.2053125985,-0.1530783223,1.177575499,0.8577179672
ANANDRATHI,ANANDRATHI.NS,NSE:ANANDRATHI,0.5298238385,2.654350153,0,0
EMCURE,EMCURE.NS,NSE:EMCURE,-0.08366506283,0,0,0
IKS,IKS.NS,NSE:IKS,0,0,0,0
MANAPPURAM,MANAPPURAM.NS,NSE:MANAPPURAM,0.4062050446,1.088675214,1.082741477,11.77777778
TATACHEM,TATACHEM.NS,NSE:TATACHEM,-0.07262353738,-0.08256003061,2.43974175,4.840794202
DEEPAKNTR,DEEPAKNTR.NS,NSE:DEEPAKNTR,-0.3651878323,-0.1484027875,1.276142259,27.94753577
RAMCOCEM,RAMCOCEM.NS,NSE:RAMCOCEM,0.2273181044,0.1549513705,0.5041381792,2.297570211
EIHOTEL,EIHOTEL.NS,NSE:EIHOTEL,0.0334265548,0.704745167,4.183700735,3.008264463
NAVINFLUOR,NAVINFLUOR.NS,NSE:NAVINFLUOR,0.3900026731,0.05143730131,1.321486148,18.48700866
WOCKPHARMA,WOCKPHARMA.NS,NSE:WOCKPHARMA,0.4642857143,5.397919376,4.976676385,0.1328835571
FORCEMOT,FORCEMOT.NS,NSE:FORCEMOT,1.526468395,3.835839214,17.02127871,0
NXST.RR,NXST.RR.NS,NSE:NXST.RR,0,0,0,0
BAYERCROP,BAYERCROP.NS,NSE:BAYERCROP,-0.1866178274,-0.05584190841,-0.137610157,0.3478549608
WELCORP,WELCORP.NS,NSE:WELCORP,0.2783527539,1.268850353,8.011734694,6.801678445
ABSLAMC,ABSLAMC.NS,NSE:ABSLAMC,0.08208955224,0.937716263,0,0
SKFINDIA,SKFINDIA.NS,NSE:SKFINDIA,-0.1129316911,-0.06059413732,2.300044922,2.793295202
ANANTRAJ,ANANTRAJ.NS,NSE:ANANTRAJ,-0.1019018074,2.102749301,23.89158879,17.943101
PFIZER,PFIZER.NS,NSE:PFIZER,-0.09416959539,0.3093997499,0.02970702725,0.9878576938
KEC,KEC.NS,NSE:KEC,-0.06570733256,0.3432722294,1.856218664,5.449963477
TIMKEN,TIMKEN.NS,NSE:TIMKEN,-0.2003229949,-0.02556657795,1.878311416,4.06497862
AADHARHFC,AADHARHFC.NS,NSE:AADHARHFC,0.07215874925,0,0,0
PTCIL,PTCIL.NS,NSE:PTCIL,0.1447065582,1.812442345,0,0
MRPL,MRPL.NS,NSE:MRPL,-0.298245614,0.387755102,3.838951311,1.494208494
REDINGTON,REDINGTON.NS,NSE:REDINGTON,0.5030239285,0.7991816179,4.073672998,4.091751292
HBLENGINE,HBLENGINE.NS,NSE:HBLENGINE,0,0,0,0
NUVAMA,NUVAMA.NS,NSE:NUVAMA,-0.09842791272,0,0,0
BRIGADE,BRIGADE.NS,NSE:BRIGADE,-0.3153119376,0.549071168,4.708658956,9.182892829
HSCL,HSCL.NS,NSE:HSCL,-0.3005101252,0.8308719401,8.349173554,28.38311688
ATHERENERG,ATHERENERG.NS,NSE:ATHERENERG,0,0,0,0
PNBHOUSING,PNBHOUSING.NS,NSE:PNBHOUSING,-0.1227611388,0.3470980452,2.354022034,0
ERIS,ERIS.NS,NSE:ERIS,0.2343348936,0.973803344,2.126493929,0
CESC,CESC.NS,NSE:CESC,-0.1446830266,0.8384615385,1.654291607,2.208053691
ASTRAZEN,ASTRAZEN.NS,NSE:ASTRAZEN,0.2985877506,0.9078617927,1.079447569,6.522534123
CHALET,CHALET.NS,NSE:CHALET,0.1538548115,0.8761094336,6.378193595,0
SUNTV,SUNTV.NS,NSE:SUNTV,-0.3328252652,-0.08755107146,0.2359385588,0.5324184288
SUNDRMFAST,SUNDRMFAST.NS,NSE:SUNDRMFAST,-0.2547166408,-0.1582807089,1.580242288,5.836532098
DEVYANI,DEVYANI.NS,NSE:DEVYANI,-0.2076450943,-0.1548977136,0,0
CHAMBLFERT,CHAMBLFERT.NS,NSE:CHAMBLFERT,0.08806182632,0.9035758762,2.656869446,8.176672384
CREDITACC,CREDITACC.NS,NSE:CREDITACC,0.09252483011,0.05391776571,0.9807538091,0
ASAHIINDIA,ASAHIINDIA.NS,NSE:ASAHIINDIA,0.1161883873,0.4759909765,3.534653465,5.369958275
JYOTICNC,JYOTICNC.NS,NSE:JYOTICNC,-0.2230596604,0,0,0
PSB,PSB.NS,NSE:PSB,-0.4751439037,-0.3386813187,1.760550459,-0.1922147651
KPIL,KPIL.NS,NSE:KPIL,-0.05936899242,0.9803190223,0,0
ABREL,ABREL.NS,NSE:ABREL,0,0,0,0
SCHNEIDER,SCHNEIDER.NS,NSE:SCHNEIDER,0.1237929703,1.443931121,10.35783995,4.361486486
BIRET.RR,BIRET.RR.NS,NSE:BIRET.RR,0,0,0,0
SAGILITY,SAGILITY.NS,NSE:SAGILITY,0,0,0,0
ONESOURCE,ONESOURCE.NS,NSE:ONESOURCE,0,0,0,0
SARDAEN,SARDAEN.NS,NSE:SARDAEN,0.3524381789,1.690574713,27.94164194,59.70539419
KARURVYSYA,KARURVYSYA.NS,NSE:KARURVYSYA,0.1624733941,0.8779756657,7.101939901,2.296193129
KANSAINER,KANSAINER.NS,NSE:KANSAINER,-0.1902238315,-0.2430461538,-0.2300156495,0.5577154436
MAHSCOOTER,MAHSCOOTER.NS,NSE:MAHSCOOTER,0.4390218885,1.207175176,5.336537072,17.22025974
JSWCEMENT,JSWCEMENT.NS,NSE:JSWCEMENT,0,0,0,0
ANGELONE,ANGELONE.NS,NSE:ANGELONE,-0.1484970667,0.1948302676,0,0
ECLERX,ECLERX.NS,NSE:ECLERX,0.5549514135,1.350279035,8.218521987,4.316676716
JSWHL,JSWHL.NS,NSE:JSWHL,1.204897226,2.869220188,7.024401483,18.60645542
HATSUN,HATSUN.NS,NSE:HATSUN,-0.2420168067,-0.2344253947,0.6617538688,3.302408777
RPOWER,RPOWER.NS,NSE:RPOWER,0.2547837484,1.526121372,17.06415094,0.1250293772
NAVA,NAVA.NS,NSE:NAVA,0.1166467593,2.215223097,25.21771218,18.24952587
CASTROLIND,CASTROLIND.NS,NSE:CASTROLIND,-0.1934140052,0.4742567078,0.8850254984,-0.071265418
BASF,BASF.NS,NSE:BASF,-0.3151120623,0.7970596264,2.321105546,3.332032902
NETWEB,NETWEB.NS,NSE:NETWEB,0.3354992833,3.345500902,0,0
CROMPTON,CROMPTON.NS,NSE:CROMPTON,-0.3139652271,0.04208553416,0.1576755631,0
CAMS,CAMS.NS,NSE:CAMS,-0.1369215423,0.5971427998,0,0
POLYMED,POLYMED.NS,NSE:POLYMED,-0.1734311087,0.414427157,3.316546763,9.090556274
FIRSTCRY,FIRSTCRY.NS,NSE:FIRSTCRY,-0.4080085751,0,0,0
NEULANDLAB,NEULANDLAB.NS,NSE:NEULANDLAB,0.2176793176,2.96452654,14.00943677,17.16214917
BIKAJI,BIKAJI.NS,NSE:BIKAJI,-0.21732911,0.5597637956,0,0
DCMSHRIRAM,DCMSHRIRAM.NS,NSE:DCMSHRIRAM,0.1017893007,0.1361732172,2.417527963,10.16982878
IIFL,IIFL.NS,NSE:IIFL,-0.1181533646,-0.193790686,5.051006711,4.146118721
KAJARIACER,KAJARIACER.NS,NSE:KAJARIACER,-0.2169193089,-0.1398240384,1.369554331,2.042460715
EIDPARRY,EIDPARRY.NS,NSE:EIDPARRY,0.2944514883,1.008619074,2.867243867,6.979158913
KFINTECH,KFINTECH.NS,NSE:KFINTECH,-0.002581120944,1.367355869,0,0
APLLTD,APLLTD.NS,NSE:APLLTD,-0.1939152077,0.23374491,0.009674818597,0.3681718864
CGCL,CGCL.NS,NSE:CGCL,-0.06263603386,0.01444723618,2.681610942,29.42386185
ATUL,ATUL.NS,NSE:ATUL,-0.1825525675,-0.1116881269,0.03623116245,3.179748954
GABRIEL,GABRIEL.NS,NSE:GABRIEL,1.450607903,3.09328891,11.86783042,14.34800714
ZENSARTECH,ZENSARTECH.NS,NSE:ZENSARTECH,0.1231421031,0.5247029983,2.928814383,4.11934912
DEEPAKFERT,DEEPAKFERT.NS,NSE:DEEPAKFERT,0.4717400764,1.464378238,9.569444444,11.2633148
ARE&M,ARE&M.NS,NSE:ARE&M,-0.2667975567,0.5836343647,0.4185424873,0.02746216946
SAILIFE,SAILIFE.NS,NSE:SAILIFE,0,0,0,0
MANYAVAR,MANYAVAR.NS,NSE:MANYAVAR,-0.4662241888,-0.4571771411,0,0
VENTIVE,VENTIVE.NS,NSE:VENTIVE,0,0,0,0
CARBORUNIV,CARBORUNIV.NS,NSE:CARBORUNIV,-0.3543975242,-0.1839404391,2.928918591,5.184571246
GRINDWELL,GRINDWELL.NS,NSE:GRINDWELL,-0.3042442293,-0.2127864433,2.116744496,3.443478261
ACMESOLAR,ACMESOLAR.NS,NSE:ACMESOLAR,0,0,0,0
BEML,BEML.NS,NSE:BEML,0.1314597502,0.880831489,6.15653897,2.485603989
GMDCLTD,GMDCLTD.NS,NSE:GMDCLTD,0.7227041168,1.334328358,14.20291616,7.713091922
CENTURYPLY,CENTURYPLY.NS,NSE:CENTURYPLY,-0.1163666121,0.2676684668,3.982159336,4.158280255
UTIAMC,UTIAMC.NS,NSE:UTIAMC,0.08530142946,0.7695864209,0,0
TRAVELFOOD,TRAVELFOOD.NS,NSE:TRAVELFOOD,0,0,0,0
TBOTEK,TBOTEK.NS,NSE:TBOTEK,-0.08768720704,0,0,0
GSPL,GSPL.NS,NSE:GSPL,-0.1995290618,0.1341527656,0.6548808609,1.805821025
GPIL,GPIL.NS,NSE:GPIL,0.3554521546,1.19079539,8.973948642,35.36363636
CAPLIPOINT,CAPLIPOINT.NS,NSE:CAPLIPOINT,0.1839789888,1.258856542,3.186089702,6.745704467
VINATIORGA,VINATIORGA.NS,NSE:VINATIORGA,-0.1143491965,-0.06601640193,0.474979562,6.415098421
JBMA,JBMA.NS,NSE:JBMA,-0.2113564669,0.05692338559,16.82692773,18.35187615
JUBLPHARMA,JUBLPHARMA.NS,NSE:JUBLPHARMA,-0.1105737705,1.566158212,0,0
ABLBL,ABLBL.NS,NSE:ABLBL,0,0,0,0
TRITURBINE,TRITURBINE.NS,NSE:TRITURBINE,-0.2819069578,0.2956074881,6.645487365,3.969028625
IRCON,IRCON.NS,NSE:IRCON,-0.2235446873,0.2506099686,3.596464258,0
SOBHA,SOBHA.NS,NSE:SOBHA,-0.2302802093,1.364215333,6.09104834,5.147476957
CONCORDBIO,CONCORDBIO.NS,NSE:CONCORDBIO,-0.3199571851,0.6325893082,0,0
RATNAMANI,RATNAMANI.NS,NSE:RATNAMANI,-0.3286180333,-0.0381934217,2.151866152,5.000539044
AFCONS,AFCONS.NS,NSE:AFCONS,0,0,0,0
CIEINDIA,CIEINDIA.NS,NSE:CIEINDIA,-0.2722118802,-0.1047153118,0,0
WHIRLPOOL,WHIRLPOOL.NS,NSE:WHIRLPOOL,-0.3526238352,-0.2068975876,-0.3510643528,1.041763341
LMW,LMW.NS,NSE:LMW,0,0,0,0
CPPLUS,CPPLUS.NS,NSE:CPPLUS,0,0,0,0
CHOICEIN,CHOICEIN.NS,NSE:CHOICEIN,0.7535545024,2.92043539,0,0
TECHNOE,TECHNOE.NS,NSE:TECHNOE,-0.08821518122,1.738118521,6.240755107,0
RBLBANK,RBLBANK.NS,NSE:RBLBANK,0.2537341299,0.1297581493,0.7021546261,0
JMFINANCIL,JMFINANCIL.NS,NSE:JMFINANCIL,0.3551438399,1.033431085,1.291473893,2.998846597
CRAFTSMAN,CRAFTSMAN.NS,NSE:CRAFTSMAN,0.04796586762,0.453271278,0,0
APTUS,APTUS.NS,NSE:APTUS,-0.1325431034,0.1388152078,0,0
VGUARD,VGUARD.NS,NSE:VGUARD,-0.1775910364,0.2011127475,1.23100304,4.697873001
GALLANTT,GALLANTT.NS,NSE:GALLANTT,0.7346278317,6.31441048,20.6828479,27.45010616
TARIL,TARIL.NS,NSE:TARIL,0.6211002261,0,0,0
KIRLOSBROS,KIRLOSBROS.NS,NSE:KIRLOSBROS,0.1559681233,1.428851816,17.86612673,8.806835067
SPLPETRO,SPLPETRO.NS,NSE:SPLPETRO,-0.005424433031,0.8303950722,6.817744716,14.13169447
NUVOCO,NUVOCO.NS,NSE:NUVOCO,0.2580690429,0.1902549124,0,0
IGIL,IGIL.NS,NSE:IGIL,0,0,0,0
PGEL,PGEL.NS,NSE:PGEL,-0.08905228758,2.146517666,76.97202797,29.24959305
DOMS,DOMS.NS,NSE:DOMS,-0.0241078598,0,0,0
LTFOODS,LTFOODS.NS,NSE:LTFOODS,0.006244940442,1.6624847,8.130115425,21.89736842
ZYDUSWELL,ZYDUSWELL.NS,NSE:ZYDUSWELL,0.1378166611,0.506971414,0.29851606,1.89736214
IFCI,IFCI.NS,NSE:IFCI,-0.1900382057,1.590045249,8.954782609,1.607744875
FIVESTAR,FIVESTAR.NS,NSE:FIVESTAR,-0.33804952,-0.2492836676,0,0
BATAINDIA,BATAINDIA.NS,NSE:BATAINDIA,-0.1406075028,-0.2491286003,-0.05469802533,1.219430637
DATAPATTNS,DATAPATTNS.NS,NSE:DATAPATTNS,0.08343589443,0.342662083,0,0
ELGIEQUIP,ELGIEQUIP.NS,NSE:ELGIEQUIP,-0.2898981324,-0.009081934847,3.044319098,7.032970551
SYRMA,SYRMA.NS,NSE:SYRMA,0.846430984,0.509989872,0,0
SIGNATURE,SIGNATURE.NS,NSE:SIGNATURE,-0.2934055432,0,0,0
NATCOPHARM,NATCOPHARM.NS,NSE:NATCOPHARM,-0.4051305193,0.009840895698,0.005751511239,0.7819856917
TRIDENT,TRIDENT.NS,NSE:TRIDENT,-0.1769716955,-0.2087186262,3.792,6.46882793
AKZOINDIA,AKZOINDIA.NS,NSE:AKZOINDIA,-0.0772281531,0.354033801,0.6747602731,1.535547677
SWANCORP,SWANCORP.NS,NSE:SWANCORP,-0.1871000337,0.6562017499,3.19374457,5.594262295
CUB,CUB.NS,NSE:CUB,0.2039760028,0.5819165379,0.531039641,1.693775497
NIVABUPA,NIVABUPA.NS,NSE:NIVABUPA,0,0,0,0
PCBL,PCBL.NS,NSE:PCBL,-0.2483009476,1.440335612,5.731527516,33.26265271
ABDL,ABDL.NS,NSE:ABDL,0.520869068,0,0,0
GESHIP,GESHIP.NS,NSE:GESHIP,-0.1586974943,0.2670150705,3.353727292,1.849917988
INTELLECT,INTELLECT.NS,NSE:INTELLECT,0.08467638782,0.4550446122,4.303977983,5.616316085
BLS,BLS.NS,NSE:BLS,-0.08234695176,0.3791124713,15.72853828,0
KSB,KSB.NS,NSE:KSB,-0.06779754669,0.4324650183,8.182995863,6.261966253
FINEORG,FINEORG.NS,NSE:FINEORG,-0.09719381263,-0.03016556124,0.9249522661,0
INDIAMART,INDIAMART.NS,NSE:INDIAMART,-0.2160709884,-0.190930059,-0.009776449343,0
PARADEEP,PARADEEP.NS,NSE:PARADEEP,1.046941176,1.431726066,0,0
ZENTEC,ZENTEC.NS,NSE:ZENTEC,-0.05545237464,1.118487173,20.63403106,20.33155792
THELEELA,THELEELA.NS,NSE:THELEELA,0,0,0,0
AGARWALEYE,AGARWALEYE.NS,NSE:AGARWALEYE,0,0,0,0
RAINBOW,RAINBOW.NS,NSE:RAINBOW,0.03527949402,0.3694085788,0,0
RRKABEL,RRKABEL.NS,NSE:RRKABEL,-0.2342951166,0.1035358882,0,0
JWL,JWL.NS,NSE:JWL,-0.3865406007,0.1473647712,0,0
AARTIIND,AARTIIND.NS,NSE:AARTIIND,-0.3268979911,-0.2200725514,-0.2203867849,2.159699543
GODREJAGRO,GODREJAGRO.NS,NSE:GODREJAGRO,-0.07050543826,0.5097163047,0.4829029295,0
CEATLTD,CEATLTD.NS,NSE:CEATLTD,0.1829972901,0.616742756,2.93190959,1.757757559
KIRLOSENG,KIRLOSENG.NS,NSE:KIRLOSENG,-0.228736049,0.9729952587,8.059157596,2.370663849
INDGN,INDGN.NS,NSE:INDGN,-0.1705196029,0,0,0
CEMPRO,CEMPRO.NS,NSE:CEMPRO,0.4506581854,2.823940382,16.01554404,9.366161616
ELECON,ELECON.NS,NSE:ELECON,-0.08033746295,0.5953379216,47.4775641,16.16312057
BLUEDART,BLUEDART.NS,NSE:BLUEDART,-0.3005761747,-0.1424934682,1.09492635,-0.1989207683
BELRISE,BELRISE.NS,NSE:BELRISE,0,0,0,0
NSLNISP,NSLNISP.NS,NSE:NSLNISP,-0.09594308787,-0.09576923077,0,0
CELLO,CELLO.NS,NSE:CELLO,-0.29894785,0,0,0
ACE,ACE.NS,NSE:ACE,-0.1993215176,0.7257330448,16.1460341,30.46938776
OLECTRA,OLECTRA.NS,NSE:OLECTRA,-0.02017798925,0.3685030972,26.01214575,102.6024845
LEMONTREE,LEMONTREE.NS,NSE:LEMONTREE,0.3601304071,0.5177462289,5.382462687,0
JINDALSAW,JINDALSAW.NS,NSE:JINDALSAW,-0.4021075984,0.2198019802,5.859688196,6.455048409
NCC,NCC.NS,NSE:NCC,-0.325963521,0.4275445079,6.118592965,2.059611231
FINPIPE,FINPIPE.NS,NSE:FINPIPE,-0.2860567184,-0.04312217195,1.154998471,3.101435221
SUNDARMHLD,SUNDARMHLD.NS,NSE:SUNDARMHLD,0.5069329602,4.02161933,10.42113382,0
EMBDL,EMBDL.NS,NSE:EMBDL,-0.2222576785,0,0,0
BBTC,BBTC.NS,NSE:BBTC,-0.2762285473,0.5686437854,0.4974750487,3.063444109
AAVAS,AAVAS.NS,NSE:AAVAS,-0.1257866603,-0.02093777647,0.2571947895,0
CYIENT,CYIENT.NS,NSE:CYIENT,-0.4166178767,-0.2730202158,2.230748446,1.094779257
USHAMART,USHAMART.NS,NSE:USHAMART,0.2611972131,0.2977322604,16.99188641,30.34275618
TEGA,TEGA.NS,NSE:TEGA,0.04148566464,1.097091625,0,0
HOMEFIRST,HOMEFIRST.NS,NSE:HOMEFIRST,-0.02271587797,0.5093215796,0,0
IEX,IEX.NS,NSE:IEX,-0.3977106571,0.09927563858,1.267536961,0
MGL,MGL.NS,NSE:MGL,-0.3209461208,0.2956105268,0.6038139478,0
FINCABLES,FINCABLES.NS,NSE:FINCABLES,-0.4569809714,-0.2477655279,2.047233964,2.570198105
GRANULES,GRANULES.NS,NSE:GRANULES,-0.06729739379,0.5655430712,0.4489739323,2.794480755
MINDACORP,MINDACORP.NS,NSE:MINDACORP,-0.08495620376,0.6513198281,6.808417997,6.265361242
NEWGEN,NEWGEN.NS,NSE:NEWGEN,-0.3355631553,1.055431548,7.419047619,0
RITES,RITES.NS,NSE:RITES,-0.2825453546,0.05916487441,1.162827312,0
JPPOWER,JPPOWER.NS,NSE:JPPOWER,0.03265765766,0.7383886256,7.733333333,1.717037037
GRINFRA,GRINFRA.NS,NSE:GRINFRA,-0.2295687145,0.03125502169,0,0
TITAGARH,TITAGARH.NS,NSE:TITAGARH,-0.3006297898,0.2167656766,0,0
INGERRAND,INGERRAND.NS,NSE:INGERRAND,-0.0191004313,0.3452308524,5.780816083,4.329762303
RAILTEL,RAILTEL.NS,NSE:RAILTEL,-0.1841740429,0.6776315789,0,0
GRAVITA,GRAVITA.NS,NSE:GRAVITA,-0.3135309438,1.100702132,33.9947313,57.67491166
ALIVUS,ALIVUS.NS,NSE:ALIVUS,0,0,0,0
ANURAS,ANURAS.NS,NSE:ANURAS,0.4936369725,0.2629552019,0,0
VTL,VTL.NS,NSE:VTL,-0.1148805749,0.07028753994,1.844382557,1.208364097
CLEAN,CLEAN.NS,NSE:CLEAN,-0.2611382114,-0.1954959102,0,0
INDIACEM,INDIACEM.NS,NSE:INDIACEM,0.04300341297,0.6408934708,2.291684619,3.967490247
VIKRAMSOLR,VIKRAMSOLR.NS,NSE:VIKRAMSOLR,0,0,0,0
CCL,CCL.NS,NSE:CCL,0.2140488597,0.4107100731,2.575129534,2.835792174
ACUTAAS,ACUTAAS.NS,NSE:ACUTAAS,0,0,0,0
PRUDENT,PRUDENT.NS,NSE:PRUDENT,0.1686217314,1.414360122,0,0